<?xml version="1.0" encoding="UTF-8"?>
<project-private xmlns="http://www.netbeans.org/ns/project-private/1">
    <editor-bookmarks xmlns="http://www.netbeans.org/ns/editor-bookmarks/2" lastBookmarkId="0"/>
    <open-files xmlns="http://www.netbeans.org/ns/projectui-open-files/2">
        <group>
            <file>file:/C:/Users/lizsk/Documents/APL%20EP/Web%20Development/Week%2010/SkerrittModule10/SkerrittModule10/src/java/com/rbevans/Controller.java</file>
            <file>file:/C:/Users/lizsk/Documents/APL%20EP/Web%20Development/Week%2010/SkerrittModule10/SkerrittModule10/build/web/datetimepicker.js</file>
            <file>file:/C:/Users/lizsk/Documents/APL%20EP/Web%20Development/Week%2010/SkerrittModule10/SkerrittModule10/build/web/SignUp.jsp</file>
        </group>
    </open-files>
</project-private>
